{
  "results": [
    {
      "command": "build/bench/tpl-bench-runtime",
      "mean": 0.033562627000000005,
      "stddev": 0.004758624115732947,
      "median": 0.0327208605,
      "user": 0.02957135666666667,
      "system": 0.0030025879166666668,
      "min": 0.027452754500000003,
      "max": 0.0537495185,
      "times": [
        0.029879670500000004,
        0.028691112500000004,
        0.0314408225,
        0.027636348500000005,
        0.0339222195,
        0.028213896500000002,
        0.0355671335,
        0.0288331385,
        0.0315588005,
        0.0319863265,
        0.0331362655,
        0.036143707500000004,
        0.0398117055,
        0.029601088500000004,
        0.029646164500000002,
        0.0304911285,
        0.0461856795,
        0.0326993515,
        0.0331911115,
        0.0353606655,
        0.0324841485,
        0.0330234645,
        0.0337418465,
        0.0349621025,
        0.0338197425,
        0.0326142275,
        0.0368979945,
        0.0351778095,
        0.030465833499999997,
        0.0359508955,
        0.0367296985,
        0.0303155715,
        0.0334268665,
        0.0347910325,
        0.0328390835,
        0.0321426415,
        0.0322522005,
        0.027919557500000004,
        0.0327259625,
        0.0323188505,
        0.029175016500000005,
        0.0315499345,
        0.0324674145,
        0.028658924500000002,
        0.0327917395,
        0.0347382075,
        0.0330476375,
        0.0537495185,
        0.0314687295,
        0.051416235500000004,
        0.0327405715,
        0.0376706025,
        0.0349794675,
        0.0301386155,
        0.0323669625,
        0.0358051355,
        0.0338223195,
        0.0395273245,
        0.0358716135,
        0.0333788765,
        0.0278031845,
        0.0340807945,
        0.0326745315,
        0.0344505785,
        0.0378405875,
        0.0460733885,
        0.0282642175,
        0.0321492875,
        0.0319317075,
        0.0350137555,
        0.0316860325,
        0.0343969535,
        0.0338537475,
        0.027452754500000003,
        0.0351881565,
        0.032608701500000004,
        0.042577315500000004,
        0.0280259125,
        0.0314460575,
        0.029757332500000004,
        0.0292857475,
        0.0324829315,
        0.027847828500000005,
        0.0309601615,
        0.0299614885,
        0.0332864455,
        0.0328075265,
        0.0335191835,
        0.028404770500000003,
        0.0320111915,
        0.0327032935,
        0.0327157585,
        0.0310361235,
        0.0373004155,
        0.049469187500000004,
        0.0369844275
      ],
      "memory_usage_byte": [
        11923456,
        11923456,
        11923456,
        11923456,
        11923456,
        11923456,
        11923456,
        11923456,
        11923456,
        11923456,
        11923456,
        11923456,
        11923456,
        11923456,
        11923456,
        11923456,
        11923456,
        11923456,
        11923456,
        11923456,
        11923456,
        11923456,
        11923456,
        11923456,
        11923456,
        11923456,
        11923456,
        11923456,
        11923456,
        11923456,
        11923456,
        11923456,
        11923456,
        11923456,
        11923456,
        11923456,
        11923456,
        11923456,
        11923456,
        11923456,
        11923456,
        11923456,
        11923456,
        11923456,
        11923456,
        11923456,
        11923456,
        11923456,
        11923456,
        11923456,
        11923456,
        11923456,
        11923456,
        11923456,
        11923456,
        11923456,
        11923456,
        11923456,
        11923456,
        11923456,
        11923456,
        11923456,
        11923456,
        11923456,
        11923456,
        11923456,
        11923456,
        11923456,
        11923456,
        11923456,
        11923456,
        11923456,
        11923456,
        11923456,
        11923456,
        11923456,
        11923456,
        11923456,
        11923456,
        11923456,
        11923456,
        11923456,
        11923456,
        11923456,
        11923456,
        11923456,
        11923456,
        11923456,
        11923456,
        11923456,
        11923456,
        11923456,
        11923456,
        11923456,
        11923456,
        11923456
      ],
      "exit_codes": [
        0,
        0,
        0,
        0,
        0,
        0,
        0,
        0,
        0,
        0,
        0,
        0,
        0,
        0,
        0,
        0,
        0,
        0,
        0,
        0,
        0,
        0,
        0,
        0,
        0,
        0,
        0,
        0,
        0,
        0,
        0,
        0,
        0,
        0,
        0,
        0,
        0,
        0,
        0,
        0,
        0,
        0,
        0,
        0,
        0,
        0,
        0,
        0,
        0,
        0,
        0,
        0,
        0,
        0,
        0,
        0,
        0,
        0,
        0,
        0,
        0,
        0,
        0,
        0,
        0,
        0,
        0,
        0,
        0,
        0,
        0,
        0,
        0,
        0,
        0,
        0,
        0,
        0,
        0,
        0,
        0,
        0,
        0,
        0,
        0,
        0,
        0,
        0,
        0,
        0,
        0,
        0,
        0,
        0,
        0,
        0
      ]
    }
  ]
}
