{
  "results": [
    {
      "command": "build/bench/tpl-bench-runtime",
      "mean": 0.0296895204340909,
      "stddev": 0.005663165041784006,
      "median": 0.028988823900000002,
      "user": 0.02717690863636363,
      "system": 0.0020597263636363636,
      "min": 0.0224524619,
      "max": 0.058313246900000004,
      "times": [
        0.030668192900000005,
        0.024635803900000003,
        0.0297100969,
        0.0325153079,
        0.028547670900000006,
        0.0269025789,
        0.030645021900000003,
        0.023704964900000004,
        0.029302578900000004,
        0.025252709900000003,
        0.027967721900000003,
        0.026582600900000003,
        0.030869060900000005,
        0.028039177900000004,
        0.0291459609,
        0.028724746900000004,
        0.0276254959,
        0.0379411649,
        0.030494642900000004,
        0.022914723900000003,
        0.0316714319,
        0.0375968669,
        0.058313246900000004,
        0.0306345969,
        0.027243821900000003,
        0.023371458900000003,
        0.022577110900000003,
        0.022628959900000002,
        0.030308279900000002,
        0.024897937900000004,
        0.027411433900000004,
        0.026967671900000004,
        0.0309340339,
        0.0238170379,
        0.0300039309,
        0.024130792900000003,
        0.030600910900000004,
        0.030514426900000006,
        0.026027257900000003,
        0.0313624329,
        0.0278098849,
        0.0339372179,
        0.0314766029,
        0.023472624900000003,
        0.027651336900000004,
        0.0273558929,
        0.0318846759,
        0.0224524619,
        0.0329364609,
        0.0336231519,
        0.027973805900000003,
        0.0331369489,
        0.031130904900000003,
        0.0259010619,
        0.029046134900000003,
        0.0524271299,
        0.027544549900000003,
        0.0226011329,
        0.0313131589,
        0.024222330900000002,
        0.0323655419,
        0.0340525259,
        0.022660925900000004,
        0.028555900900000004,
        0.0256944329,
        0.0290898409,
        0.025334162900000002,
        0.0307118259,
        0.024644739900000004,
        0.028025726900000002,
        0.0267570539,
        0.0289315129,
        0.028129100900000002,
        0.032392077899999996,
        0.0427195079,
        0.028257189900000004,
        0.028090986900000003,
        0.0306581549,
        0.026456013900000002,
        0.026663366900000002,
        0.0323076179,
        0.0330351439,
        0.0350111519,
        0.0322334439,
        0.0362208089,
        0.030926433900000005,
        0.0421365419,
        0.029514729900000005
      ],
      "memory_usage_byte": [
        10366976,
        10366976,
        10366976,
        10366976,
        10366976,
        10366976,
        10366976,
        10366976,
        10366976,
        10366976,
        10366976,
        10366976,
        10366976,
        10366976,
        10366976,
        10366976,
        10366976,
        10366976,
        10366976,
        10366976,
        10366976,
        10366976,
        10366976,
        10366976,
        10366976,
        10366976,
        10366976,
        10366976,
        10366976,
        10366976,
        10366976,
        10366976,
        10366976,
        10366976,
        10366976,
        10366976,
        10366976,
        10366976,
        10366976,
        10366976,
        10366976,
        10366976,
        10366976,
        10366976,
        10366976,
        10366976,
        10366976,
        10366976,
        10366976,
        10366976,
        10366976,
        10366976,
        10366976,
        10366976,
        10366976,
        10366976,
        10366976,
        10366976,
        10366976,
        10366976,
        10366976,
        10366976,
        10366976,
        10366976,
        10366976,
        10366976,
        10366976,
        10366976,
        10366976,
        10366976,
        10366976,
        10366976,
        10366976,
        10366976,
        10366976,
        10366976,
        10366976,
        10366976,
        10366976,
        10366976,
        10366976,
        10366976,
        10366976,
        10366976,
        10366976,
        10366976,
        10366976,
        10366976
      ],
      "exit_codes": [
        0,
        0,
        0,
        0,
        0,
        0,
        0,
        0,
        0,
        0,
        0,
        0,
        0,
        0,
        0,
        0,
        0,
        0,
        0,
        0,
        0,
        0,
        0,
        0,
        0,
        0,
        0,
        0,
        0,
        0,
        0,
        0,
        0,
        0,
        0,
        0,
        0,
        0,
        0,
        0,
        0,
        0,
        0,
        0,
        0,
        0,
        0,
        0,
        0,
        0,
        0,
        0,
        0,
        0,
        0,
        0,
        0,
        0,
        0,
        0,
        0,
        0,
        0,
        0,
        0,
        0,
        0,
        0,
        0,
        0,
        0,
        0,
        0,
        0,
        0,
        0,
        0,
        0,
        0,
        0,
        0,
        0,
        0,
        0,
        0,
        0,
        0,
        0
      ]
    }
  ]
}
